year,key,name,type,label
1997,hp1,Harry Potter and the Philosopher's Stone,Book,ğŸª¨
1998,hp2,Harry Potter and the Chamber of Secrets,Book,ğŸ¤«
1999,hp3,Harry Potter and the Prisoner of Azkaban,Book,ğŸ‘»
2000,hp4,Harry Potter and the Goblet of Fire,Book,ğŸ”¥
2003,hp5,Harry Potter and the Order of the Phoenix,Book,ğŸ¦â€ğŸ”¥
2005,hp6,Harry Potter and the Half-Blood Prince,Book,ğŸ©¸
2007,hp7,Harry Potter and the Deathly Hallows,Book,ğŸ’€
2001,hp1,Harry Potter and the Philosopher's Stone,Film,ğŸª¨
2002,hp2,Harry Potter and the Chamber of Secrets,Film,ğŸ¤«
2004,hp3,Harry Potter and the Prisoner of Azkaban,Film,ğŸ‘»
2005,hp4,Harry Potter and the Goblet of Fire,Film,ğŸ”¥
2007,hp5,Harry Potter and the Order of the Phoenix,Film,ğŸ¦â€ğŸ”¥
2009,hp6,Harry Potter and the Half-Blood Prince,Film,ğŸ©¸
2010,hp7,Harry Potter and the Deathly Hallows - Part 1,Film,ğŸ’€
2011,hp7,Harry Potter and the Deathly Hallows - Part 2,Film,â˜ ï¸